index,Review ID,review_date,Reviewer ID,Reviewer Name,Comments,Listing ID,Listing URL,Listing Name,Host ID,Host URL,Host Name,Host Since,Host Response Time,Host Response Rate,Is Superhost,neighbourhood,Neighborhood Group,City,Postal Code,Country Code,Country,Latitude,Longitude,Is Exact Location,Property Type,Room Type,Accomodates,Bathrooms,Bedrooms,Beds,Square Feet,Price,Guests Included,Min Nights,Reviews,First Review,Last Review,Overall Rating,Accuracy Rating,Cleanliness Rating,Checkin Rating,Communication Rating,Location Rating,Value Rating,Instant Bookable,Business Travel Ready
1118,4745708.0,05-23-13,5830583.0,Ciara,"We had a wonderful time in Berlin staying in this beautiful apartment. StÃ©phane & Julien were very accommodating hosts, highly recommended!! 

We very much hope to come and stay again!!",1004686,https://www.airbnb.com/rooms/1004686,"NICE APARTMENT, BEST LOCATED",5417382,https://www.airbnb.com/users/show/5417382,Alexandre,03-11-13,a few days or more,0%,f,Friedrichshain,Friedrichshain-Kreuzberg,Berlin,10245.0,DE,Germany,52.51248,13.45462,t,Apartment,Private room,2,1.0,1.0,1.0,0.0,59.0,2,5,65,05-23-13,01-02-19,96.0,10.0,9.0,10.0,10.0,10.0,10.0,f,f
1119,6120899.0,07-30-13,3975328.0,Tim&Rosa,Great flat! good location and well furnished. everything you need for your stay in Berlin.,1004686,https://www.airbnb.com/rooms/1004686,"NICE APARTMENT, BEST LOCATED",5417382,https://www.airbnb.com/users/show/5417382,Alexandre,03-11-13,a few days or more,0%,f,Friedrichshain,Friedrichshain-Kreuzberg,Berlin,10245.0,DE,Germany,52.51248,13.45462,t,Apartment,Private room,2,1.0,1.0,1.0,0.0,59.0,2,5,65,05-23-13,01-02-19,96.0,10.0,9.0,10.0,10.0,10.0,10.0,f,f
1120,6509231.0,08-15-13,1351987.0,Seppe,"Central location in Friedrichshain, fun, comfortable and well-equipped apartment. Smooth communication with both Julien and StÃ©phane who were both accommodating for both check-in and -out. Highly recommendable and we would immediately stay here again.",1004686,https://www.airbnb.com/rooms/1004686,"NICE APARTMENT, BEST LOCATED",5417382,https://www.airbnb.com/users/show/5417382,Alexandre,03-11-13,a few days or more,0%,f,Friedrichshain,Friedrichshain-Kreuzberg,Berlin,10245.0,DE,Germany,52.51248,13.45462,t,Apartment,Private room,2,1.0,1.0,1.0,0.0,59.0,2,5,65,05-23-13,01-02-19,96.0,10.0,9.0,10.0,10.0,10.0,10.0,f,f
1121,8306885.0,10-25-13,3110640.0,Alastair,The reservation was canceled 21 days before arrival. This is an automated posting.,1004686,https://www.airbnb.com/rooms/1004686,"NICE APARTMENT, BEST LOCATED",5417382,https://www.airbnb.com/users/show/5417382,Alexandre,03-11-13,a few days or more,0%,f,Friedrichshain,Friedrichshain-Kreuzberg,Berlin,10245.0,DE,Germany,52.51248,13.45462,t,Apartment,Private room,2,1.0,1.0,1.0,0.0,59.0,2,5,65,05-23-13,01-02-19,96.0,10.0,9.0,10.0,10.0,10.0,10.0,f,f
1122,8907197.0,11-25-13,2313604.0,Thomas,Das erste mal via airbnb gebucht und ---- bin super zufrieden :-) Alles war wie beschrieben und ich habe mich hier sehr wohlgefÃ¼hlt. Gerne wieder.,1004686,https://www.airbnb.com/rooms/1004686,"NICE APARTMENT, BEST LOCATED",5417382,https://www.airbnb.com/users/show/5417382,Alexandre,03-11-13,a few days or more,0%,f,Friedrichshain,Friedrichshain-Kreuzberg,Berlin,10245.0,DE,Germany,52.51248,13.45462,t,Apartment,Private room,2,1.0,1.0,1.0,0.0,59.0,2,5,65,05-23-13,01-02-19,96.0,10.0,9.0,10.0,10.0,10.0,10.0,f,f
1123,10312355.0,02-12-14,4727766.0,Lauren,We had a great stay in Julien's appartment! Very helpful andaccomadating and was close to public transport. Tahnks and will be back in the summer!,1004686,https://www.airbnb.com/rooms/1004686,"NICE APARTMENT, BEST LOCATED",5417382,https://www.airbnb.com/users/show/5417382,Alexandre,03-11-13,a few days or more,0%,f,Friedrichshain,Friedrichshain-Kreuzberg,Berlin,10245.0,DE,Germany,52.51248,13.45462,t,Apartment,Private room,2,1.0,1.0,1.0,0.0,59.0,2,5,65,05-23-13,01-02-19,96.0,10.0,9.0,10.0,10.0,10.0,10.0,f,f
1124,11215811.0,03-25-14,10187629.0,Laura,"The flat was totally amazing!! It was really nice and clean. Also Alexandre was really nice, he gave us instructions about how to arrive from the airport to the flat, and recomendations about where to eat and usefull staff like that. It was a very good e",1004686,https://www.airbnb.com/rooms/1004686,"NICE APARTMENT, BEST LOCATED",5417382,https://www.airbnb.com/users/show/5417382,Alexandre,03-11-13,a few days or more,0%,f,Friedrichshain,Friedrichshain-Kreuzberg,Berlin,10245.0,DE,Germany,52.51248,13.45462,t,Apartment,Private room,2,1.0,1.0,1.0,0.0,59.0,2,5,65,05-23-13,01-02-19,96.0,10.0,9.0,10.0,10.0,10.0,10.0,f,f
1125,14682176.0,06-24-14,5292550.0,Tomer,"This apartment is amazing! It is bery big and well designed -- it was really fun just hanging out in the decorated living room. An apartment you would love to live in permanently.

The kitchen was also very large and suitable for cooking (which we did), ",1004686,https://www.airbnb.com/rooms/1004686,"NICE APARTMENT, BEST LOCATED",5417382,https://www.airbnb.com/users/show/5417382,Alexandre,03-11-13,a few days or more,0%,f,Friedrichshain,Friedrichshain-Kreuzberg,Berlin,10245.0,DE,Germany,52.51248,13.45462,t,Apartment,Private room,2,1.0,1.0,1.0,0.0,59.0,2,5,65,05-23-13,01-02-19,96.0,10.0,9.0,10.0,10.0,10.0,10.0,f,f
1126,16711053.0,08-01-14,10096441.0,Georgie,"Great flat - sweet spot. Flat had everything we needed & couldn't be in a better position - tonnes of bars & restaurants, Kreuzberg and Mitte close by. Cool design in the interior of the flat, all clean & Alexandre was really friendly & helpful. Would de",1004686,https://www.airbnb.com/rooms/1004686,"NICE APARTMENT, BEST LOCATED",5417382,https://www.airbnb.com/users/show/5417382,Alexandre,03-11-13,a few days or more,0%,f,Friedrichshain,Friedrichshain-Kreuzberg,Berlin,10245.0,DE,Germany,52.51248,13.45462,t,Apartment,Private room,2,1.0,1.0,1.0,0.0,59.0,2,5,65,05-23-13,01-02-19,96.0,10.0,9.0,10.0,10.0,10.0,10.0,f,f
1127,17061204.0,08-06-14,18009502.0,Francesca,"We enjoy so much this big apartment, very clean and full of light, and its balcony with a table. We never have meal in the apartment because in this area there are a lot of cheap places where you can find every kind of cuisine, but the kitchen is well pr",1004686,https://www.airbnb.com/rooms/1004686,"NICE APARTMENT, BEST LOCATED",5417382,https://www.airbnb.com/users/show/5417382,Alexandre,03-11-13,a few days or more,0%,f,Friedrichshain,Friedrichshain-Kreuzberg,Berlin,10245.0,DE,Germany,52.51248,13.45462,t,Apartment,Private room,2,1.0,1.0,1.0,0.0,59.0,2,5,65,05-23-13,01-02-19,96.0,10.0,9.0,10.0,10.0,10.0,10.0,f,f
1128,18239500.0,08-24-14,13059345.0,Lou,"Nous avons passÃ© une super semaine chez Alexandre.
Son accueil Ã©tait chaleureux et il s'est montrÃ© super serviable.
On s'est senti lÃ  bas comme chez nous, on a merveilleusement bien dormi, tout Ã©tait parfait! 
",1004686,https://www.airbnb.com/rooms/1004686,"NICE APARTMENT, BEST LOCATED",5417382,https://www.airbnb.com/users/show/5417382,Alexandre,03-11-13,a few days or more,0%,f,Friedrichshain,Friedrichshain-Kreuzberg,Berlin,10245.0,DE,Germany,52.51248,13.45462,t,Apartment,Private room,2,1.0,1.0,1.0,0.0,59.0,2,5,65,05-23-13,01-02-19,96.0,10.0,9.0,10.0,10.0,10.0,10.0,f,f
1129,19823952.0,09-19-14,18746420.0,JÃ©ssica,"Alexandre was a great host, our flight was delayed more than 2 hours and even though he had to wait he welcomed us with a great smile. The flat was really clean, well equipped and the bed really comfortable,  the best part of our stay was definitely rela",1004686,https://www.airbnb.com/rooms/1004686,"NICE APARTMENT, BEST LOCATED",5417382,https://www.airbnb.com/users/show/5417382,Alexandre,03-11-13,a few days or more,0%,f,Friedrichshain,Friedrichshain-Kreuzberg,Berlin,10245.0,DE,Germany,52.51248,13.45462,t,Apartment,Private room,2,1.0,1.0,1.0,0.0,59.0,2,5,65,05-23-13,01-02-19,96.0,10.0,9.0,10.0,10.0,10.0,10.0,f,f
1130,20944393.0,10-08-14,9534591.0,Chloe,We had a wonderful stay in Alexandre's apartment. The location is excellent and we found the apartment itself really charming and comfortable. A great place to relax after a tiring day (or night). Alexandre was a good host - very clear and friendly commu,1004686,https://www.airbnb.com/rooms/1004686,"NICE APARTMENT, BEST LOCATED",5417382,https://www.airbnb.com/users/show/5417382,Alexandre,03-11-13,a few days or more,0%,f,Friedrichshain,Friedrichshain-Kreuzberg,Berlin,10245.0,DE,Germany,52.51248,13.45462,t,Apartment,Private room,2,1.0,1.0,1.0,0.0,59.0,2,5,65,05-23-13,01-02-19,96.0,10.0,9.0,10.0,10.0,10.0,10.0,f,f
1131,21596001.0,10-20-14,18351565.0,Louise,"We were greeted and shown around the flat, which is eclectic, a cool mix of retro furniture.  I particularly liked all the different lights.  The flat is in a central location, close to the tram and Underground.  

The area is busy at night and also du",1004686,https://www.airbnb.com/rooms/1004686,"NICE APARTMENT, BEST LOCATED",5417382,https://www.airbnb.com/users/show/5417382,Alexandre,03-11-13,a few days or more,0%,f,Friedrichshain,Friedrichshain-Kreuzberg,Berlin,10245.0,DE,Germany,52.51248,13.45462,t,Apartment,Private room,2,1.0,1.0,1.0,0.0,59.0,2,5,65,05-23-13,01-02-19,96.0,10.0,9.0,10.0,10.0,10.0,10.0,f,f
1132,22398108.0,11-05-14,4587547.0,Chiara,"We had an amazing experience! Alexandre apartment is simply great :  so close to the city center, amazing area to go out for dinner or a drink with lovely shops as well, we felt in love with this house actually! We felt at home straight away and as soon ",1004686,https://www.airbnb.com/rooms/1004686,"NICE APARTMENT, BEST LOCATED",5417382,https://www.airbnb.com/users/show/5417382,Alexandre,03-11-13,a few days or more,0%,f,Friedrichshain,Friedrichshain-Kreuzberg,Berlin,10245.0,DE,Germany,52.51248,13.45462,t,Apartment,Private room,2,1.0,1.0,1.0,0.0,59.0,2,5,65,05-23-13,01-02-19,96.0,10.0,9.0,10.0,10.0,10.0,10.0,f,f
1133,26325896.0,02-09-15,6776426.0,Charlotte,"Alexandres Wohnung ist sehr hell und gemÃ¼tlich und liegt unser Meinung nach in einer der besten Gegenden in Berlin mit vielen CafÃ©s (sehr viel veganes Essen ;)), kleinen LÃ¤den, Bars und Clubs. Die Wohnung ist sehr gut mit den Ã¶ffentlichen Verkehrsmit",1004686,https://www.airbnb.com/rooms/1004686,"NICE APARTMENT, BEST LOCATED",5417382,https://www.airbnb.com/users/show/5417382,Alexandre,03-11-13,a few days or more,0%,f,Friedrichshain,Friedrichshain-Kreuzberg,Berlin,10245.0,DE,Germany,52.51248,13.45462,t,Apartment,Private room,2,1.0,1.0,1.0,0.0,59.0,2,5,65,05-23-13,01-02-19,96.0,10.0,9.0,10.0,10.0,10.0,10.0,f,f
1134,27647193.0,03-09-15,4572282.0,Bill,"Alexandre has a fantastic flat. It's stylish, bright and well located in terms of transport, bars, restaurants, clubs. The bed is comfortable if you dont mind the height. I would definitely recommend to others",1004686,https://www.airbnb.com/rooms/1004686,"NICE APARTMENT, BEST LOCATED",5417382,https://www.airbnb.com/users/show/5417382,Alexandre,03-11-13,a few days or more,0%,f,Friedrichshain,Friedrichshain-Kreuzberg,Berlin,10245.0,DE,Germany,52.51248,13.45462,t,Apartment,Private room,2,1.0,1.0,1.0,0.0,59.0,2,5,65,05-23-13,01-02-19,96.0,10.0,9.0,10.0,10.0,10.0,10.0,f,f
1135,30868608.0,04-28-15,28098649.0,Michael,Perfect apartment for our stay in Berlin. Alexandre was the perfect host giving us some great tips on things to do in the city as well as staying up late to greet us from our late flight! The area around Alexandre's apartment is fantastic with a great vi,1004686,https://www.airbnb.com/rooms/1004686,"NICE APARTMENT, BEST LOCATED",5417382,https://www.airbnb.com/users/show/5417382,Alexandre,03-11-13,a few days or more,0%,f,Friedrichshain,Friedrichshain-Kreuzberg,Berlin,10245.0,DE,Germany,52.51248,13.45462,t,Apartment,Private room,2,1.0,1.0,1.0,0.0,59.0,2,5,65,05-23-13,01-02-19,96.0,10.0,9.0,10.0,10.0,10.0,10.0,f,f
1136,32062521.0,05-13-15,30361109.0,Basil,Alexandre war super nett und hat uns in der Wohnung willkommen geheissen und alles gezeigt. Die Wohnung hat uns sehr gut gefallen und entsprach dem Eindruck aus den Bildern. Alles wÃ¼nschenswerte war da und das Schlafzimmer Richtung Innenhof ist ruhig. E,1004686,https://www.airbnb.com/rooms/1004686,"NICE APARTMENT, BEST LOCATED",5417382,https://www.airbnb.com/users/show/5417382,Alexandre,03-11-13,a few days or more,0%,f,Friedrichshain,Friedrichshain-Kreuzberg,Berlin,10245.0,DE,Germany,52.51248,13.45462,t,Apartment,Private room,2,1.0,1.0,1.0,0.0,59.0,2,5,65,05-23-13,01-02-19,96.0,10.0,9.0,10.0,10.0,10.0,10.0,f,f
1137,33914678.0,06-02-15,30964571.0,Lisa,"Wir verbrachten 3 NÃ¤chte in der Wohnung von Alexandre und waren sehr zufrieden. Alexandre hat uns freundlich empfangen, die SchlÃ¼ssel Ã¼bergeben und uns hilfreiche Tipps gegeben. Vor allem die Lage der Wohnung hat uns begeistert - 5 Minuten von der U-B",1004686,https://www.airbnb.com/rooms/1004686,"NICE APARTMENT, BEST LOCATED",5417382,https://www.airbnb.com/users/show/5417382,Alexandre,03-11-13,a few days or more,0%,f,Friedrichshain,Friedrichshain-Kreuzberg,Berlin,10245.0,DE,Germany,52.51248,13.45462,t,Apartment,Private room,2,1.0,1.0,1.0,0.0,59.0,2,5,65,05-23-13,01-02-19,96.0,10.0,9.0,10.0,10.0,10.0,10.0,f,f
1138,35206814.0,06-16-15,2028855.0,Ruben,Todo fue perfecto. El apartamento es muy acogedor y el barrio es tranquilo y con muchas opciones de bares y restaurantes.,1004686,https://www.airbnb.com/rooms/1004686,"NICE APARTMENT, BEST LOCATED",5417382,https://www.airbnb.com/users/show/5417382,Alexandre,03-11-13,a few days or more,0%,f,Friedrichshain,Friedrichshain-Kreuzberg,Berlin,10245.0,DE,Germany,52.51248,13.45462,t,Apartment,Private room,2,1.0,1.0,1.0,0.0,59.0,2,5,65,05-23-13,01-02-19,96.0,10.0,9.0,10.0,10.0,10.0,10.0,f,f
1139,36182485.0,06-26-15,26298489.0,My,Alexandre's apartment was lovely and matched the pictures completely. He was a very good host and we were super happy with our stay. I'm sorry that my son stole the lighter to your stove!,1004686,https://www.airbnb.com/rooms/1004686,"NICE APARTMENT, BEST LOCATED",5417382,https://www.airbnb.com/users/show/5417382,Alexandre,03-11-13,a few days or more,0%,f,Friedrichshain,Friedrichshain-Kreuzberg,Berlin,10245.0,DE,Germany,52.51248,13.45462,t,Apartment,Private room,2,1.0,1.0,1.0,0.0,59.0,2,5,65,05-23-13,01-02-19,96.0,10.0,9.0,10.0,10.0,10.0,10.0,f,f
1140,37204805.0,07-05-15,35703864.0,Tom,"Great experience, on arrival made us feel very welcome. After showing us around gave us lots of information about the city. Overall a really nice place to stay and close to the city centre. ",1004686,https://www.airbnb.com/rooms/1004686,"NICE APARTMENT, BEST LOCATED",5417382,https://www.airbnb.com/users/show/5417382,Alexandre,03-11-13,a few days or more,0%,f,Friedrichshain,Friedrichshain-Kreuzberg,Berlin,10245.0,DE,Germany,52.51248,13.45462,t,Apartment,Private room,2,1.0,1.0,1.0,0.0,59.0,2,5,65,05-23-13,01-02-19,96.0,10.0,9.0,10.0,10.0,10.0,10.0,f,f
1141,39181313.0,07-21-15,6266311.0,Sonja,"Alexandre ist ein sehr freundlicher Gastgeber und seine Wohnung super gelegen, geschmackvoll eingerichtet und dabei sehr gemÃ¼tlich! Check-in und Check-out waren unkompliziert und flexibel, wir haben noch ein paar Tipps fÃ¼r das Wochenende bekommen und h",1004686,https://www.airbnb.com/rooms/1004686,"NICE APARTMENT, BEST LOCATED",5417382,https://www.airbnb.com/users/show/5417382,Alexandre,03-11-13,a few days or more,0%,f,Friedrichshain,Friedrichshain-Kreuzberg,Berlin,10245.0,DE,Germany,52.51248,13.45462,t,Apartment,Private room,2,1.0,1.0,1.0,0.0,59.0,2,5,65,05-23-13,01-02-19,96.0,10.0,9.0,10.0,10.0,10.0,10.0,f,f
1142,40113389.0,07-28-15,1401475.0,Elena,Alexandre is an amazing host! Was so nice to chat with him when we met. Apartment was stylish with so many interior details! And it was much begger than we thought with high cielings and nice garden view! :) We lived close to all great Berlin clubs but a,1004686,https://www.airbnb.com/rooms/1004686,"NICE APARTMENT, BEST LOCATED",5417382,https://www.airbnb.com/users/show/5417382,Alexandre,03-11-13,a few days or more,0%,f,Friedrichshain,Friedrichshain-Kreuzberg,Berlin,10245.0,DE,Germany,52.51248,13.45462,t,Apartment,Private room,2,1.0,1.0,1.0,0.0,59.0,2,5,65,05-23-13,01-02-19,96.0,10.0,9.0,10.0,10.0,10.0,10.0,f,f
1143,44447327.0,08-26-15,5996830.0,Stefan,"Perfect apartment in an excellent location - close to all the action around Warschauer Strasse, but just far enough from it to give the place a peaceful, homely air. There are good transport connections into Mitte and an easy walk across the river lets y",1004686,https://www.airbnb.com/rooms/1004686,"NICE APARTMENT, BEST LOCATED",5417382,https://www.airbnb.com/users/show/5417382,Alexandre,03-11-13,a few days or more,0%,f,Friedrichshain,Friedrichshain-Kreuzberg,Berlin,10245.0,DE,Germany,52.51248,13.45462,t,Apartment,Private room,2,1.0,1.0,1.0,0.0,59.0,2,5,65,05-23-13,01-02-19,96.0,10.0,9.0,10.0,10.0,10.0,10.0,f,f
1144,45415981.0,09-02-15,10035520.0,Polle,"The appartment of Alexandre Valentin is a really nice place. It is close to shops, nice bars and restaurants. At night the street is quite, because most bars are situated around the corner.  If you are interesting in exploring Berlin nightlife, as the mu",1004686,https://www.airbnb.com/rooms/1004686,"NICE APARTMENT, BEST LOCATED",5417382,https://www.airbnb.com/users/show/5417382,Alexandre,03-11-13,a few days or more,0%,f,Friedrichshain,Friedrichshain-Kreuzberg,Berlin,10245.0,DE,Germany,52.51248,13.45462,t,Apartment,Private room,2,1.0,1.0,1.0,0.0,59.0,2,5,65,05-23-13,01-02-19,96.0,10.0,9.0,10.0,10.0,10.0,10.0,f,f
1145,46149113.0,09-08-15,22857110.0,Edwin & Mei,"Alex's cosy and charming apartment, much like the neighbourhood it's in (Friedrichschain), is a complete delight. Unlike many commercial lets on Airbnb this is someone's home; a rather tasteful someone in Alex, as you'll find in the custom decor, salvage",1004686,https://www.airbnb.com/rooms/1004686,"NICE APARTMENT, BEST LOCATED",5417382,https://www.airbnb.com/users/show/5417382,Alexandre,03-11-13,a few days or more,0%,f,Friedrichshain,Friedrichshain-Kreuzberg,Berlin,10245.0,DE,Germany,52.51248,13.45462,t,Apartment,Private room,2,1.0,1.0,1.0,0.0,59.0,2,5,65,05-23-13,01-02-19,96.0,10.0,9.0,10.0,10.0,10.0,10.0,f,f
1146,48221885.0,09-24-15,43851189.0,Kevin,"Wir haben uns bei Alexandre sehr wohl gefÃ¼hlt. Wohnung ist in einer top Lage mitten in Friedrichshain. Viele Restaurants, Bars, EinkaufsmÃ¶glichkeiten und auch die U-Bahn befinden sich in unmittelbarer NÃ¤he. Die Wohnung war sehr sauber und ""typisch Ber",1004686,https://www.airbnb.com/rooms/1004686,"NICE APARTMENT, BEST LOCATED",5417382,https://www.airbnb.com/users/show/5417382,Alexandre,03-11-13,a few days or more,0%,f,Friedrichshain,Friedrichshain-Kreuzberg,Berlin,10245.0,DE,Germany,52.51248,13.45462,t,Apartment,Private room,2,1.0,1.0,1.0,0.0,59.0,2,5,65,05-23-13,01-02-19,96.0,10.0,9.0,10.0,10.0,10.0,10.0,f,f
1147,49620841.0,10-05-15,41477277.0,Denise,"Alles super gelaufen, alles wie beschrieben.
Alexandre war sehr nett und es hat alles gut geklappt.
Vielen Dank - gerne wieder!",1004686,https://www.airbnb.com/rooms/1004686,"NICE APARTMENT, BEST LOCATED",5417382,https://www.airbnb.com/users/show/5417382,Alexandre,03-11-13,a few days or more,0%,f,Friedrichshain,Friedrichshain-Kreuzberg,Berlin,10245.0,DE,Germany,52.51248,13.45462,t,Apartment,Private room,2,1.0,1.0,1.0,0.0,59.0,2,5,65,05-23-13,01-02-19,96.0,10.0,9.0,10.0,10.0,10.0,10.0,f,f
1148,51297460.0,10-19-15,350473.0,Cecilie,"We had an amazing time! The place was beautiful, quiet and homie! Our host was perfect - going out of his way to help us in any way he could! We would always return to his place if visiting  Berlin. Thank you A! ",1004686,https://www.airbnb.com/rooms/1004686,"NICE APARTMENT, BEST LOCATED",5417382,https://www.airbnb.com/users/show/5417382,Alexandre,03-11-13,a few days or more,0%,f,Friedrichshain,Friedrichshain-Kreuzberg,Berlin,10245.0,DE,Germany,52.51248,13.45462,t,Apartment,Private room,2,1.0,1.0,1.0,0.0,59.0,2,5,65,05-23-13,01-02-19,96.0,10.0,9.0,10.0,10.0,10.0,10.0,f,f
1149,55373200.0,12-01-15,5359030.0,Rick&Maud,"We were greeted by a friend of Alexander. He waited for us in the early evening what was very kind. The apartment is like in the pictures, a funny place to spent a few days. We liked the couch to relax in after a busy day Berlin. The only Â´butÂ´ were th",1004686,https://www.airbnb.com/rooms/1004686,"NICE APARTMENT, BEST LOCATED",5417382,https://www.airbnb.com/users/show/5417382,Alexandre,03-11-13,a few days or more,0%,f,Friedrichshain,Friedrichshain-Kreuzberg,Berlin,10245.0,DE,Germany,52.51248,13.45462,t,Apartment,Private room,2,1.0,1.0,1.0,0.0,59.0,2,5,65,05-23-13,01-02-19,96.0,10.0,9.0,10.0,10.0,10.0,10.0,f,f
1150,55927625.0,12-07-15,13880670.0,Hannah,Beautiful flat and brilliant location. Alex was lovely (and was very kind about meeting us when our plane arrived late). Couldn't have asked for anything more!,1004686,https://www.airbnb.com/rooms/1004686,"NICE APARTMENT, BEST LOCATED",5417382,https://www.airbnb.com/users/show/5417382,Alexandre,03-11-13,a few days or more,0%,f,Friedrichshain,Friedrichshain-Kreuzberg,Berlin,10245.0,DE,Germany,52.51248,13.45462,t,Apartment,Private room,2,1.0,1.0,1.0,0.0,59.0,2,5,65,05-23-13,01-02-19,96.0,10.0,9.0,10.0,10.0,10.0,10.0,f,f
1151,58312679.0,01-02-16,17408152.0,AnaÃ¯s,"Appartement bien situÃ© et trÃ¨s acceuillant. Alexandre n'Ã©tait pas la pour nous accueillir directement, mais tout Ã©tait prÃ©vu pour faciliter notre arrivÃ©e, et il est restÃ© trÃ¨s disponible sur internet pour nous rÃ©pondre. Une petite liste nous a Ã",1004686,https://www.airbnb.com/rooms/1004686,"NICE APARTMENT, BEST LOCATED",5417382,https://www.airbnb.com/users/show/5417382,Alexandre,03-11-13,a few days or more,0%,f,Friedrichshain,Friedrichshain-Kreuzberg,Berlin,10245.0,DE,Germany,52.51248,13.45462,t,Apartment,Private room,2,1.0,1.0,1.0,0.0,59.0,2,5,65,05-23-13,01-02-19,96.0,10.0,9.0,10.0,10.0,10.0,10.0,f,f
1152,60457138.0,01-24-16,35878125.0,Joshua,"Lovely, homey space that was extremely comfortable. In a great area, lots to do closeby and quick access to transportation. Would definitely return here!",1004686,https://www.airbnb.com/rooms/1004686,"NICE APARTMENT, BEST LOCATED",5417382,https://www.airbnb.com/users/show/5417382,Alexandre,03-11-13,a few days or more,0%,f,Friedrichshain,Friedrichshain-Kreuzberg,Berlin,10245.0,DE,Germany,52.51248,13.45462,t,Apartment,Private room,2,1.0,1.0,1.0,0.0,59.0,2,5,65,05-23-13,01-02-19,96.0,10.0,9.0,10.0,10.0,10.0,10.0,f,f
1153,71939438.0,04-30-16,26825898.0,Elizabeth,"The apartment is spacious, clean and cozy with a wonderful charm to it. It's centrally located and walking distance to a lot of cafes, restaurants and bars. It was convenient having the metro so close as well. When we arrived Alexandre was very sweet and",1004686,https://www.airbnb.com/rooms/1004686,"NICE APARTMENT, BEST LOCATED",5417382,https://www.airbnb.com/users/show/5417382,Alexandre,03-11-13,a few days or more,0%,f,Friedrichshain,Friedrichshain-Kreuzberg,Berlin,10245.0,DE,Germany,52.51248,13.45462,t,Apartment,Private room,2,1.0,1.0,1.0,0.0,59.0,2,5,65,05-23-13,01-02-19,96.0,10.0,9.0,10.0,10.0,10.0,10.0,f,f
1154,75602335.0,05-22-16,26709144.0,Mauro Mrk,"Alexandre is a great host, very kind and helpful man.
the house is just nice, perfect to take a rest as we needed.
the position is great as well.
Recommended!",1004686,https://www.airbnb.com/rooms/1004686,"NICE APARTMENT, BEST LOCATED",5417382,https://www.airbnb.com/users/show/5417382,Alexandre,03-11-13,a few days or more,0%,f,Friedrichshain,Friedrichshain-Kreuzberg,Berlin,10245.0,DE,Germany,52.51248,13.45462,t,Apartment,Private room,2,1.0,1.0,1.0,0.0,59.0,2,5,65,05-23-13,01-02-19,96.0,10.0,9.0,10.0,10.0,10.0,10.0,f,f
1155,76943413.0,05-29-16,65632101.0,Anne,"Really lovely flat in a great location, definitely recommend! Communication with Alex was really good too.
",1004686,https://www.airbnb.com/rooms/1004686,"NICE APARTMENT, BEST LOCATED",5417382,https://www.airbnb.com/users/show/5417382,Alexandre,03-11-13,a few days or more,0%,f,Friedrichshain,Friedrichshain-Kreuzberg,Berlin,10245.0,DE,Germany,52.51248,13.45462,t,Apartment,Private room,2,1.0,1.0,1.0,0.0,59.0,2,5,65,05-23-13,01-02-19,96.0,10.0,9.0,10.0,10.0,10.0,10.0,f,f
1156,81077668.0,06-20-16,3834006.0,Max,Alexandre is a kind host and his house is really cool. The bathroom is little but the shower is new and good. Near the apartment there are a lot of little nice place where drink and party,1004686,https://www.airbnb.com/rooms/1004686,"NICE APARTMENT, BEST LOCATED",5417382,https://www.airbnb.com/users/show/5417382,Alexandre,03-11-13,a few days or more,0%,f,Friedrichshain,Friedrichshain-Kreuzberg,Berlin,10245.0,DE,Germany,52.51248,13.45462,t,Apartment,Private room,2,1.0,1.0,1.0,0.0,59.0,2,5,65,05-23-13,01-02-19,96.0,10.0,9.0,10.0,10.0,10.0,10.0,f,f
1157,83172887.0,07-01-16,64961129.0,Danielle,Alexander's apartment is amazingly cool! We loved having the balcony and really enjoyed the location. He provided us with good information and was very friendly and inviting!!,1004686,https://www.airbnb.com/rooms/1004686,"NICE APARTMENT, BEST LOCATED",5417382,https://www.airbnb.com/users/show/5417382,Alexandre,03-11-13,a few days or more,0%,f,Friedrichshain,Friedrichshain-Kreuzberg,Berlin,10245.0,DE,Germany,52.51248,13.45462,t,Apartment,Private room,2,1.0,1.0,1.0,0.0,59.0,2,5,65,05-23-13,01-02-19,96.0,10.0,9.0,10.0,10.0,10.0,10.0,f,f
1158,87550474.0,07-20-16,5923545.0,Alexandre,"It's a very good flat : well located, very close to the U-bahn station, in the animated neighborhood of Friedrichshain ! The flat is very clean, well equipped and comfortable ! Alexandre is a very kind host and the communication was easy ! We fully recom",1004686,https://www.airbnb.com/rooms/1004686,"NICE APARTMENT, BEST LOCATED",5417382,https://www.airbnb.com/users/show/5417382,Alexandre,03-11-13,a few days or more,0%,f,Friedrichshain,Friedrichshain-Kreuzberg,Berlin,10245.0,DE,Germany,52.51248,13.45462,t,Apartment,Private room,2,1.0,1.0,1.0,0.0,59.0,2,5,65,05-23-13,01-02-19,96.0,10.0,9.0,10.0,10.0,10.0,10.0,f,f
1159,95697602.0,08-20-16,3164929.0,Hermine,"Appartement trÃ¨s sympa qui correspond parfaitement aux photos. TrÃ¨s calme et bien situÃ©, surtout pour sortir. Je recommande sans hÃ©siter!",1004686,https://www.airbnb.com/rooms/1004686,"NICE APARTMENT, BEST LOCATED",5417382,https://www.airbnb.com/users/show/5417382,Alexandre,03-11-13,a few days or more,0%,f,Friedrichshain,Friedrichshain-Kreuzberg,Berlin,10245.0,DE,Germany,52.51248,13.45462,t,Apartment,Private room,2,1.0,1.0,1.0,0.0,59.0,2,5,65,05-23-13,01-02-19,96.0,10.0,9.0,10.0,10.0,10.0,10.0,f,f
1160,99570577.0,09-05-16,48549716.0,Kristian,"The appartment is comfortable, charming and located in a great neighborhood. The communication with Alexandre was good. Highly recommended!   ",1004686,https://www.airbnb.com/rooms/1004686,"NICE APARTMENT, BEST LOCATED",5417382,https://www.airbnb.com/users/show/5417382,Alexandre,03-11-13,a few days or more,0%,f,Friedrichshain,Friedrichshain-Kreuzberg,Berlin,10245.0,DE,Germany,52.51248,13.45462,t,Apartment,Private room,2,1.0,1.0,1.0,0.0,59.0,2,5,65,05-23-13,01-02-19,96.0,10.0,9.0,10.0,10.0,10.0,10.0,f,f
1161,100826509.0,09-11-16,3658042.0,Ariel,Until staying at Alexandere's I didn't think you could be so centrel and still have a peaceful apartment to relax in. This is exactly what you get here  combined with an amazing retro vintage chique design and style. If you need a space to work there is ,1004686,https://www.airbnb.com/rooms/1004686,"NICE APARTMENT, BEST LOCATED",5417382,https://www.airbnb.com/users/show/5417382,Alexandre,03-11-13,a few days or more,0%,f,Friedrichshain,Friedrichshain-Kreuzberg,Berlin,10245.0,DE,Germany,52.51248,13.45462,t,Apartment,Private room,2,1.0,1.0,1.0,0.0,59.0,2,5,65,05-23-13,01-02-19,96.0,10.0,9.0,10.0,10.0,10.0,10.0,f,f
1162,101982210.0,09-16-16,7969608.0,Moritz,"Alex ist ein fantastischer Gastgeber. 
Die Kommunikation im Vorhinein war perfekt, alles verlief wie geplant und einwandfrei.
Die Wohnung ist wunderschÃ¶n und liebevoll eingerichtet. Lage, GrÃ¶Ãe und Ausstattung sind einfach ideal. Besser geht es nich",1004686,https://www.airbnb.com/rooms/1004686,"NICE APARTMENT, BEST LOCATED",5417382,https://www.airbnb.com/users/show/5417382,Alexandre,03-11-13,a few days or more,0%,f,Friedrichshain,Friedrichshain-Kreuzberg,Berlin,10245.0,DE,Germany,52.51248,13.45462,t,Apartment,Private room,2,1.0,1.0,1.0,0.0,59.0,2,5,65,05-23-13,01-02-19,96.0,10.0,9.0,10.0,10.0,10.0,10.0,f,f
1163,102936485.0,09-19-16,75550097.0,Elodie,"L'appartement d'Alexandre est super! Tout y est: quartier sympa avec pleins de restaurants, grand, bon lit et trÃ¨s calme!
Alexandre Ã©tait lÃ  pour nous accueillir et a Ã©tÃ© d'une grande aide pour les recommandations (supermarchÃ©s dans le quartier, re",1004686,https://www.airbnb.com/rooms/1004686,"NICE APARTMENT, BEST LOCATED",5417382,https://www.airbnb.com/users/show/5417382,Alexandre,03-11-13,a few days or more,0%,f,Friedrichshain,Friedrichshain-Kreuzberg,Berlin,10245.0,DE,Germany,52.51248,13.45462,t,Apartment,Private room,2,1.0,1.0,1.0,0.0,59.0,2,5,65,05-23-13,01-02-19,96.0,10.0,9.0,10.0,10.0,10.0,10.0,f,f
1164,106554147.0,10-06-16,2682842.0,Matt,"One of the best Airbnbs I have ever stayed at. Best location, vibes, and host. Stay here if you can! ",1004686,https://www.airbnb.com/rooms/1004686,"NICE APARTMENT, BEST LOCATED",5417382,https://www.airbnb.com/users/show/5417382,Alexandre,03-11-13,a few days or more,0%,f,Friedrichshain,Friedrichshain-Kreuzberg,Berlin,10245.0,DE,Germany,52.51248,13.45462,t,Apartment,Private room,2,1.0,1.0,1.0,0.0,59.0,2,5,65,05-23-13,01-02-19,96.0,10.0,9.0,10.0,10.0,10.0,10.0,f,f
1165,111125857.0,10-30-16,1652614.0,Carsten,"Alexandre was very welcoming and flexible about our arrival time, which was making things run very smoothly. The flat and amenities are super nice. Would highly recommend it!",1004686,https://www.airbnb.com/rooms/1004686,"NICE APARTMENT, BEST LOCATED",5417382,https://www.airbnb.com/users/show/5417382,Alexandre,03-11-13,a few days or more,0%,f,Friedrichshain,Friedrichshain-Kreuzberg,Berlin,10245.0,DE,Germany,52.51248,13.45462,t,Apartment,Private room,2,1.0,1.0,1.0,0.0,59.0,2,5,65,05-23-13,01-02-19,96.0,10.0,9.0,10.0,10.0,10.0,10.0,f,f
1166,113864555.0,11-14-16,33142867.0,Johannes,"Der Aufenthalt in Alex Wohnung war super! FÃ¼r GÃ¤ste die gerne zu Fuss und mit Bahn sich fortbewegen perfekte Lage. Hat viele kleine Restaurants und LÃ¤den in der nÃ¤he. 
Die Wohnung ist super augestattet mit Balkon, frischen HandtÃ¼cher etc... Die Komm",1004686,https://www.airbnb.com/rooms/1004686,"NICE APARTMENT, BEST LOCATED",5417382,https://www.airbnb.com/users/show/5417382,Alexandre,03-11-13,a few days or more,0%,f,Friedrichshain,Friedrichshain-Kreuzberg,Berlin,10245.0,DE,Germany,52.51248,13.45462,t,Apartment,Private room,2,1.0,1.0,1.0,0.0,59.0,2,5,65,05-23-13,01-02-19,96.0,10.0,9.0,10.0,10.0,10.0,10.0,f,f
1167,115503760.0,11-25-16,73055627.0,Caro,"The apartment is great, has everything that you need for cooking and have a good time at home but also is very well located. You can find lots of trams, buses and the metro very near from the apartment. At night there are lots of quiet restaurants and co",1004686,https://www.airbnb.com/rooms/1004686,"NICE APARTMENT, BEST LOCATED",5417382,https://www.airbnb.com/users/show/5417382,Alexandre,03-11-13,a few days or more,0%,f,Friedrichshain,Friedrichshain-Kreuzberg,Berlin,10245.0,DE,Germany,52.51248,13.45462,t,Apartment,Private room,2,1.0,1.0,1.0,0.0,59.0,2,5,65,05-23-13,01-02-19,96.0,10.0,9.0,10.0,10.0,10.0,10.0,f,f
1168,120655725.0,12-11-16,15757326.0,Silvia,"Alexandre is a great host: cheerful and meticulous. Details about check in and position were really clear and we didn't need to write him again. The apt was PERFECT: very clean and orderly and also bigger than I expected! Well equipped, warm, with double",1004686,https://www.airbnb.com/rooms/1004686,"NICE APARTMENT, BEST LOCATED",5417382,https://www.airbnb.com/users/show/5417382,Alexandre,03-11-13,a few days or more,0%,f,Friedrichshain,Friedrichshain-Kreuzberg,Berlin,10245.0,DE,Germany,52.51248,13.45462,t,Apartment,Private room,2,1.0,1.0,1.0,0.0,59.0,2,5,65,05-23-13,01-02-19,96.0,10.0,9.0,10.0,10.0,10.0,10.0,f,f
1169,123696124.0,12-30-16,23412686.0,Kiana,"Wir haben uns bei Alexandre in Friedrichshain sehr wohlgefÃ¼hlt.
Wir hatten alles was wir brauchen. Die Wohnung ist TOP ausgestattet und hat ihren ganz eigenen Charme.
Auch die Lage in Friedrichshain und die CafÃ©s und Restaurants im Viertel sind super",1004686,https://www.airbnb.com/rooms/1004686,"NICE APARTMENT, BEST LOCATED",5417382,https://www.airbnb.com/users/show/5417382,Alexandre,03-11-13,a few days or more,0%,f,Friedrichshain,Friedrichshain-Kreuzberg,Berlin,10245.0,DE,Germany,52.51248,13.45462,t,Apartment,Private room,2,1.0,1.0,1.0,0.0,59.0,2,5,65,05-23-13,01-02-19,96.0,10.0,9.0,10.0,10.0,10.0,10.0,f,f
1170,148660583.0,05-01-17,32030671.0,Sonja,"Wir wurden herzlich empfangen und es war fÃ¼r alles gesorgt. Wir haben uns total wohl und heimisch gefÃ¼hlt. Es war gemÃ¼tlich und liebevoll eingerichtet. 
Und wir werden gern wieder buchen, wenn wir in der Gegend sind. ",1004686,https://www.airbnb.com/rooms/1004686,"NICE APARTMENT, BEST LOCATED",5417382,https://www.airbnb.com/users/show/5417382,Alexandre,03-11-13,a few days or more,0%,f,Friedrichshain,Friedrichshain-Kreuzberg,Berlin,10245.0,DE,Germany,52.51248,13.45462,t,Apartment,Private room,2,1.0,1.0,1.0,0.0,59.0,2,5,65,05-23-13,01-02-19,96.0,10.0,9.0,10.0,10.0,10.0,10.0,f,f
1171,171313867.0,07-17-17,24724998.0,Cesar,"Fabulous visit here. I was comfortable in this Friedrichshain apartment. The kitchen has everything necessary for a multi-day stay, as does the sitting room. The balcony is perfect for getting outside to have a smoke or for enjoying the sights and sounds",1004686,https://www.airbnb.com/rooms/1004686,"NICE APARTMENT, BEST LOCATED",5417382,https://www.airbnb.com/users/show/5417382,Alexandre,03-11-13,a few days or more,0%,f,Friedrichshain,Friedrichshain-Kreuzberg,Berlin,10245.0,DE,Germany,52.51248,13.45462,t,Apartment,Private room,2,1.0,1.0,1.0,0.0,59.0,2,5,65,05-23-13,01-02-19,96.0,10.0,9.0,10.0,10.0,10.0,10.0,f,f
1172,180082851.0,08-09-17,11411764.0,Julia,"Alexandre nous a accueilli trÃ¨s gentiment dans son appartement tout Ã  fait conforme Ã  la description et aux photos. Appartement trÃ¨s agrÃ©able et grand, on s'y sent comme chez soi! Literie trÃ¨s confortable et au sol ou en mezzanine Ã  notre convenan",1004686,https://www.airbnb.com/rooms/1004686,"NICE APARTMENT, BEST LOCATED",5417382,https://www.airbnb.com/users/show/5417382,Alexandre,03-11-13,a few days or more,0%,f,Friedrichshain,Friedrichshain-Kreuzberg,Berlin,10245.0,DE,Germany,52.51248,13.45462,t,Apartment,Private room,2,1.0,1.0,1.0,0.0,59.0,2,5,65,05-23-13,01-02-19,96.0,10.0,9.0,10.0,10.0,10.0,10.0,f,f
1173,183169456.0,08-16-17,64137547.0,Sophie,"L'appartement est dans un quartier trÃ¨s animÃ©, parfait pour prendre des verres, aller au restau ou se promener. L'appartement est confortable, bien Ã©quipÃ© et Alexandre est trÃ¨s sympa.",1004686,https://www.airbnb.com/rooms/1004686,"NICE APARTMENT, BEST LOCATED",5417382,https://www.airbnb.com/users/show/5417382,Alexandre,03-11-13,a few days or more,0%,f,Friedrichshain,Friedrichshain-Kreuzberg,Berlin,10245.0,DE,Germany,52.51248,13.45462,t,Apartment,Private room,2,1.0,1.0,1.0,0.0,59.0,2,5,65,05-23-13,01-02-19,96.0,10.0,9.0,10.0,10.0,10.0,10.0,f,f
1174,184173989.0,08-19-17,4662022.0,Sohyeon,"Alexandre is a great host, very kind and accurate. His house is cozy, clean, well organized and carefully decorated. We enjoyed every detail in his house! Thanks a lot!",1004686,https://www.airbnb.com/rooms/1004686,"NICE APARTMENT, BEST LOCATED",5417382,https://www.airbnb.com/users/show/5417382,Alexandre,03-11-13,a few days or more,0%,f,Friedrichshain,Friedrichshain-Kreuzberg,Berlin,10245.0,DE,Germany,52.51248,13.45462,t,Apartment,Private room,2,1.0,1.0,1.0,0.0,59.0,2,5,65,05-23-13,01-02-19,96.0,10.0,9.0,10.0,10.0,10.0,10.0,f,f
1175,186047830.0,08-23-17,131533501.0,Elizabeth,"Alexandre has a fantastic apartment in a very hip area of Berlin.  The UBahn is a 5 minute walk from the apartment, which makes seeing the city very easy.  Bars, shops, and restaurants are just around the corner.  Having stayed in Berlin for a month befo",1004686,https://www.airbnb.com/rooms/1004686,"NICE APARTMENT, BEST LOCATED",5417382,https://www.airbnb.com/users/show/5417382,Alexandre,03-11-13,a few days or more,0%,f,Friedrichshain,Friedrichshain-Kreuzberg,Berlin,10245.0,DE,Germany,52.51248,13.45462,t,Apartment,Private room,2,1.0,1.0,1.0,0.0,59.0,2,5,65,05-23-13,01-02-19,96.0,10.0,9.0,10.0,10.0,10.0,10.0,f,f
1176,187604660.0,08-27-17,115027054.0,Anne,"Accueillis trÃ¨s sympathiquement et naturellement par Alexandre. Appartement vaste pour trois, cosy. La chambre sur cour est trÃ¨s calme. Le quartier est animÃ©, et la rue Ã  deux pas des transports en commun si on ne choisit pas plutÃ´t de dÃ©couvrir Be",1004686,https://www.airbnb.com/rooms/1004686,"NICE APARTMENT, BEST LOCATED",5417382,https://www.airbnb.com/users/show/5417382,Alexandre,03-11-13,a few days or more,0%,f,Friedrichshain,Friedrichshain-Kreuzberg,Berlin,10245.0,DE,Germany,52.51248,13.45462,t,Apartment,Private room,2,1.0,1.0,1.0,0.0,59.0,2,5,65,05-23-13,01-02-19,96.0,10.0,9.0,10.0,10.0,10.0,10.0,f,f
1177,241010669.0,03-07-18,34388929.0,Denise,Alex was a great host; great communication leading up to our stay and everything was explained and provided upon arrival so we didnât have any issues. Itâs a charming flat with lovely little touches in a central location. Easily walkable to the East ,1004686,https://www.airbnb.com/rooms/1004686,"NICE APARTMENT, BEST LOCATED",5417382,https://www.airbnb.com/users/show/5417382,Alexandre,03-11-13,a few days or more,0%,f,Friedrichshain,Friedrichshain-Kreuzberg,Berlin,10245.0,DE,Germany,52.51248,13.45462,t,Apartment,Private room,2,1.0,1.0,1.0,0.0,59.0,2,5,65,05-23-13,01-02-19,96.0,10.0,9.0,10.0,10.0,10.0,10.0,f,f
1178,243526192.0,03-16-18,174194286.0,Lucas,"Ich kann die Wohnung von Alex nur weiterempfehlen!
Super Lage, ruhig und hip im Friedrichshainer Kiez. Alex ist ein guter Gastgeber und steht Dir bei jeglichen Fragen zur VerfÃ¼gung und antwortet sehr schnell.",1004686,https://www.airbnb.com/rooms/1004686,"NICE APARTMENT, BEST LOCATED",5417382,https://www.airbnb.com/users/show/5417382,Alexandre,03-11-13,a few days or more,0%,f,Friedrichshain,Friedrichshain-Kreuzberg,Berlin,10245.0,DE,Germany,52.51248,13.45462,t,Apartment,Private room,2,1.0,1.0,1.0,0.0,59.0,2,5,65,05-23-13,01-02-19,96.0,10.0,9.0,10.0,10.0,10.0,10.0,f,f
1179,244664272.0,03-19-18,48666808.0,Dorottya,Everything was perfect!,1004686,https://www.airbnb.com/rooms/1004686,"NICE APARTMENT, BEST LOCATED",5417382,https://www.airbnb.com/users/show/5417382,Alexandre,03-11-13,a few days or more,0%,f,Friedrichshain,Friedrichshain-Kreuzberg,Berlin,10245.0,DE,Germany,52.51248,13.45462,t,Apartment,Private room,2,1.0,1.0,1.0,0.0,59.0,2,5,65,05-23-13,01-02-19,96.0,10.0,9.0,10.0,10.0,10.0,10.0,f,f
1180,245708055.0,03-23-18,175880907.0,Amy,"My boyfriend and I visited here for 5 days and we were so pleased when we arrived. Amazing apartment and host very friendly on arrival! Comfy bed, lovely balcony and kitchen area. Also in a great location. We had a wonderful stay here for our first time ",1004686,https://www.airbnb.com/rooms/1004686,"NICE APARTMENT, BEST LOCATED",5417382,https://www.airbnb.com/users/show/5417382,Alexandre,03-11-13,a few days or more,0%,f,Friedrichshain,Friedrichshain-Kreuzberg,Berlin,10245.0,DE,Germany,52.51248,13.45462,t,Apartment,Private room,2,1.0,1.0,1.0,0.0,59.0,2,5,65,05-23-13,01-02-19,96.0,10.0,9.0,10.0,10.0,10.0,10.0,f,f
1181,259970457.0,05-03-18,183486030.0,Nora,"Die Wohnung hat uns super gefallen, sehr zentral und dennoch ruhig.
Alexandre ist ein toller Gastgeber und war in der Kommunikation schnell und zuverlÃ¤ssig. Vielen lieben Dank fÃ¼r die schÃ¶ne Zeit, die wir bei dir hatten!
Liebst, Nora + Chad",1004686,https://www.airbnb.com/rooms/1004686,"NICE APARTMENT, BEST LOCATED",5417382,https://www.airbnb.com/users/show/5417382,Alexandre,03-11-13,a few days or more,0%,f,Friedrichshain,Friedrichshain-Kreuzberg,Berlin,10245.0,DE,Germany,52.51248,13.45462,t,Apartment,Private room,2,1.0,1.0,1.0,0.0,59.0,2,5,65,05-23-13,01-02-19,96.0,10.0,9.0,10.0,10.0,10.0,10.0,f,f
1182,366199194.0,01-02-19,222876509.0,Andrey,Nice location and great communication with Alex!,1004686,https://www.airbnb.com/rooms/1004686,"NICE APARTMENT, BEST LOCATED",5417382,https://www.airbnb.com/users/show/5417382,Alexandre,03-11-13,a few days or more,0%,f,Friedrichshain,Friedrichshain-Kreuzberg,Berlin,10245.0,DE,Germany,52.51248,13.45462,t,Apartment,Private room,2,1.0,1.0,1.0,0.0,59.0,2,5,65,05-23-13,01-02-19,96.0,10.0,9.0,10.0,10.0,10.0,10.0,f,f
1317,4331647.0,04-28-13,3320961.0,Hamlet,"The room is nice and the location perfect! Maciej is a great host. 
 ",1005341,https://www.airbnb.com/rooms/1005341,Nice room in Prenzlauer Berg-Berlin,5529386,https://www.airbnb.com/users/show/5529386,Maciej,03-19-13,within an hour,100%,t,Prenzlauer Berg,Pankow,Berlin,10405.0,DE,Germany,52.53752,13.42168,t,Apartment,Private room,2,1.0,1.0,1.0,0.0,36.0,1,3,51,04-28-13,09-27-18,96.0,10.0,10.0,10.0,10.0,10.0,10.0,f,f
1318,4458453.0,05-06-13,3746749.0,Eleonore,Maciej was a perfect host! His flat is nice and really close from the tram and alexanderplatz.. I will recomand this place :),1005341,https://www.airbnb.com/rooms/1005341,Nice room in Prenzlauer Berg-Berlin,5529386,https://www.airbnb.com/users/show/5529386,Maciej,03-19-13,within an hour,100%,t,Prenzlauer Berg,Pankow,Berlin,10405.0,DE,Germany,52.53752,13.42168,t,Apartment,Private room,2,1.0,1.0,1.0,0.0,36.0,1,3,51,04-28-13,09-27-18,96.0,10.0,10.0,10.0,10.0,10.0,10.0,f,f
1319,4583647.0,05-13-13,2282901.0,Renee,"Maciej is a friendly, interested and kind host. I stayed in his appartment with my boyfriend for 3 days and it was great. The room is small but clean and you have everything you need (table, closet, little fridge). The appartment is nicely decorated and ",1005341,https://www.airbnb.com/rooms/1005341,Nice room in Prenzlauer Berg-Berlin,5529386,https://www.airbnb.com/users/show/5529386,Maciej,03-19-13,within an hour,100%,t,Prenzlauer Berg,Pankow,Berlin,10405.0,DE,Germany,52.53752,13.42168,t,Apartment,Private room,2,1.0,1.0,1.0,0.0,36.0,1,3,51,04-28-13,09-27-18,96.0,10.0,10.0,10.0,10.0,10.0,10.0,f,f
1320,4848319.0,05-28-13,6093914.0,Simone,"I visited Maciej together with my boyfriend and we spent a great time in Berlin even though the weather was really bad. Maciej is a very friendly and welcoming guy to whom it`s easy to talk. His flat is beautiful, very warm with a touch of seaside. Made ",1005341,https://www.airbnb.com/rooms/1005341,Nice room in Prenzlauer Berg-Berlin,5529386,https://www.airbnb.com/users/show/5529386,Maciej,03-19-13,within an hour,100%,t,Prenzlauer Berg,Pankow,Berlin,10405.0,DE,Germany,52.53752,13.42168,t,Apartment,Private room,2,1.0,1.0,1.0,0.0,36.0,1,3,51,04-28-13,09-27-18,96.0,10.0,10.0,10.0,10.0,10.0,10.0,f,f
1321,5149059.0,06-15-13,4113296.0,Vincent,We could not have been happier with our stay at Maciej's lovely apartment in Prenzlauer Allee. Maciej is a wonderful host who took the time to prepare maps and tidbits about the city for us when we arrived. He was very generous and made us feel exactly a,1005341,https://www.airbnb.com/rooms/1005341,Nice room in Prenzlauer Berg-Berlin,5529386,https://www.airbnb.com/users/show/5529386,Maciej,03-19-13,within an hour,100%,t,Prenzlauer Berg,Pankow,Berlin,10405.0,DE,Germany,52.53752,13.42168,t,Apartment,Private room,2,1.0,1.0,1.0,0.0,36.0,1,3,51,04-28-13,09-27-18,96.0,10.0,10.0,10.0,10.0,10.0,10.0,f,f
1322,5350123.0,06-25-13,6731496.0,Selina,"I visited Maciej in June with my boyfriend and we had a great stay at his place. The apartment was wonderfu- it was spacious and clean. Maciej is a very friendly host who took good care of us as his guests. He gace us a map of the city, had 2 bottles of ",1005341,https://www.airbnb.com/rooms/1005341,Nice room in Prenzlauer Berg-Berlin,5529386,https://www.airbnb.com/users/show/5529386,Maciej,03-19-13,within an hour,100%,t,Prenzlauer Berg,Pankow,Berlin,10405.0,DE,Germany,52.53752,13.42168,t,Apartment,Private room,2,1.0,1.0,1.0,0.0,36.0,1,3,51,04-28-13,09-27-18,96.0,10.0,10.0,10.0,10.0,10.0,10.0,f,f
1323,5422237.0,06-29-13,3782120.0,Florian,Maciej was a great host and staying in his place was very nice. I can totally recommend his place and hope to see him again in Berlin or in our place in DÃ¼sseldorf!,1005341,https://www.airbnb.com/rooms/1005341,Nice room in Prenzlauer Berg-Berlin,5529386,https://www.airbnb.com/users/show/5529386,Maciej,03-19-13,within an hour,100%,t,Prenzlauer Berg,Pankow,Berlin,10405.0,DE,Germany,52.53752,13.42168,t,Apartment,Private room,2,1.0,1.0,1.0,0.0,36.0,1,3,51,04-28-13,09-27-18,96.0,10.0,10.0,10.0,10.0,10.0,10.0,f,f
1324,5612448.0,07-08-13,1861321.0,Fabian,Very nice contact. I recommend Maciej as a friendly host for your next trip to Berlin!,1005341,https://www.airbnb.com/rooms/1005341,Nice room in Prenzlauer Berg-Berlin,5529386,https://www.airbnb.com/users/show/5529386,Maciej,03-19-13,within an hour,100%,t,Prenzlauer Berg,Pankow,Berlin,10405.0,DE,Germany,52.53752,13.42168,t,Apartment,Private room,2,1.0,1.0,1.0,0.0,36.0,1,3,51,04-28-13,09-27-18,96.0,10.0,10.0,10.0,10.0,10.0,10.0,f,f
1325,5685407.0,07-11-13,2667712.0,Joanna,"What more can I say - perfect location and perfect host! Maciej was a great and timely correspondent answering my various queries before I arrived. As other guests have already noted, the location is very central and in a very attractive area with lots o",1005341,https://www.airbnb.com/rooms/1005341,Nice room in Prenzlauer Berg-Berlin,5529386,https://www.airbnb.com/users/show/5529386,Maciej,03-19-13,within an hour,100%,t,Prenzlauer Berg,Pankow,Berlin,10405.0,DE,Germany,52.53752,13.42168,t,Apartment,Private room,2,1.0,1.0,1.0,0.0,36.0,1,3,51,04-28-13,09-27-18,96.0,10.0,10.0,10.0,10.0,10.0,10.0,f,f
1326,5754367.0,07-15-13,6499449.0,Justin,"Maciej is super friendly and his apartment is very clean. He sat down with us when we checked-in to explain to us how to get around, despite being late on another appointment. Many good restaurants in the area too. Recommended!",1005341,https://www.airbnb.com/rooms/1005341,Nice room in Prenzlauer Berg-Berlin,5529386,https://www.airbnb.com/users/show/5529386,Maciej,03-19-13,within an hour,100%,t,Prenzlauer Berg,Pankow,Berlin,10405.0,DE,Germany,52.53752,13.42168,t,Apartment,Private room,2,1.0,1.0,1.0,0.0,36.0,1,3,51,04-28-13,09-27-18,96.0,10.0,10.0,10.0,10.0,10.0,10.0,f,f
1327,5797976.0,07-16-13,5639757.0,Lisa,"Maciej was an absolutely wonderful host. The apartment was very nice and quiet, and the bed was comfortable. The neighborhood was great - plenty of restaurants and places to explore. Maciej is a delightful person who seems to genuinely enjoy hosting and ",1005341,https://www.airbnb.com/rooms/1005341,Nice room in Prenzlauer Berg-Berlin,5529386,https://www.airbnb.com/users/show/5529386,Maciej,03-19-13,within an hour,100%,t,Prenzlauer Berg,Pankow,Berlin,10405.0,DE,Germany,52.53752,13.42168,t,Apartment,Private room,2,1.0,1.0,1.0,0.0,36.0,1,3,51,04-28-13,09-27-18,96.0,10.0,10.0,10.0,10.0,10.0,10.0,f,f
1328,6305922.0,08-07-13,942225.0,Sophia,"we had a very good time in berlin and our room in Maciejs flat was the perfect homebase for our stay. Maciej was so kind as to let us use the living room, also. really very friendly host, flat with all amenities. Very good location. We recommend Maciej a",1005341,https://www.airbnb.com/rooms/1005341,Nice room in Prenzlauer Berg-Berlin,5529386,https://www.airbnb.com/users/show/5529386,Maciej,03-19-13,within an hour,100%,t,Prenzlauer Berg,Pankow,Berlin,10405.0,DE,Germany,52.53752,13.42168,t,Apartment,Private room,2,1.0,1.0,1.0,0.0,36.0,1,3,51,04-28-13,09-27-18,96.0,10.0,10.0,10.0,10.0,10.0,10.0,f,f
1329,6420239.0,08-12-13,6687725.0,Crystal & Mark,"It was such a great pleasure to stay with Maciej. He was very helpful in giving us advice and information about the different areas of the city. Our last day in the city we spent with him and his girlfriend talking about life, Berlin and everything in be",1005341,https://www.airbnb.com/rooms/1005341,Nice room in Prenzlauer Berg-Berlin,5529386,https://www.airbnb.com/users/show/5529386,Maciej,03-19-13,within an hour,100%,t,Prenzlauer Berg,Pankow,Berlin,10405.0,DE,Germany,52.53752,13.42168,t,Apartment,Private room,2,1.0,1.0,1.0,0.0,36.0,1,3,51,04-28-13,09-27-18,96.0,10.0,10.0,10.0,10.0,10.0,10.0,f,f
1330,6616908.0,08-19-13,5102561.0,Sorin,"The apartment it is very well positioned,  
situated in Prenzlauerberg, 3 minutes to walk until Kolwitzplatz,
with a lot of fancy restaurants, pubs and kaffe-bars excelent disposed in this bohem and gastronomic area of Berlin.
 Very close to M2 tram (",1005341,https://www.airbnb.com/rooms/1005341,Nice room in Prenzlauer Berg-Berlin,5529386,https://www.airbnb.com/users/show/5529386,Maciej,03-19-13,within an hour,100%,t,Prenzlauer Berg,Pankow,Berlin,10405.0,DE,Germany,52.53752,13.42168,t,Apartment,Private room,2,1.0,1.0,1.0,0.0,36.0,1,3,51,04-28-13,09-27-18,96.0,10.0,10.0,10.0,10.0,10.0,10.0,f,f
1331,6985510.0,09-02-13,7227245.0,Cecilia,"Maceij was a great host! He was very kind and helpfull. He gave us maps and showed places where to go. I was interested in Berlin history and he taked to us a lot about that. His appartment is realy lovely, confortable and very equipped. We felt very con",1005341,https://www.airbnb.com/rooms/1005341,Nice room in Prenzlauer Berg-Berlin,5529386,https://www.airbnb.com/users/show/5529386,Maciej,03-19-13,within an hour,100%,t,Prenzlauer Berg,Pankow,Berlin,10405.0,DE,Germany,52.53752,13.42168,t,Apartment,Private room,2,1.0,1.0,1.0,0.0,36.0,1,3,51,04-28-13,09-27-18,96.0,10.0,10.0,10.0,10.0,10.0,10.0,f,f
1332,7221100.0,09-11-13,7826862.0,Isaac,"Experience with MACIEJ was incredible in every way.
The loft is large and clean. The room has a very comfortable bed
The location is perfect, located near Alexanderplatz. Close to many restaurants, public transport and the area is very nice.

Maciej ",1005341,https://www.airbnb.com/rooms/1005341,Nice room in Prenzlauer Berg-Berlin,5529386,https://www.airbnb.com/users/show/5529386,Maciej,03-19-13,within an hour,100%,t,Prenzlauer Berg,Pankow,Berlin,10405.0,DE,Germany,52.53752,13.42168,t,Apartment,Private room,2,1.0,1.0,1.0,0.0,36.0,1,3,51,04-28-13,09-27-18,96.0,10.0,10.0,10.0,10.0,10.0,10.0,f,f
1333,7303780.0,09-15-13,7459595.0,Yi Ling,"Maciej is wonderful host. He not only recommended good place for site seeing, but share nice experience for us. It was my pleasure to live in Maciej's apartment.",1005341,https://www.airbnb.com/rooms/1005341,Nice room in Prenzlauer Berg-Berlin,5529386,https://www.airbnb.com/users/show/5529386,Maciej,03-19-13,within an hour,100%,t,Prenzlauer Berg,Pankow,Berlin,10405.0,DE,Germany,52.53752,13.42168,t,Apartment,Private room,2,1.0,1.0,1.0,0.0,36.0,1,3,51,04-28-13,09-27-18,96.0,10.0,10.0,10.0,10.0,10.0,10.0,f,f
1334,7505923.0,09-23-13,1638951.0,Martin,Maciej was the best host we ever had through Airbnb (and we travel a lot). He was waiting for us until we came (it was late night) and provided us with all relevant information about Berlin. Next night we had really night chat until late night. Maciej wa,1005341,https://www.airbnb.com/rooms/1005341,Nice room in Prenzlauer Berg-Berlin,5529386,https://www.airbnb.com/users/show/5529386,Maciej,03-19-13,within an hour,100%,t,Prenzlauer Berg,Pankow,Berlin,10405.0,DE,Germany,52.53752,13.42168,t,Apartment,Private room,2,1.0,1.0,1.0,0.0,36.0,1,3,51,04-28-13,09-27-18,96.0,10.0,10.0,10.0,10.0,10.0,10.0,f,f
1335,7644775.0,09-28-13,1803615.0,Miguel Angel," have returned from my stay super happy with Maciej
The location of the apartment is lovely as well as access to public transport. As for everything else is as is as described in the ad. The landlord, Maciej, is a super friendly and nice people
The nei",1005341,https://www.airbnb.com/rooms/1005341,Nice room in Prenzlauer Berg-Berlin,5529386,https://www.airbnb.com/users/show/5529386,Maciej,03-19-13,within an hour,100%,t,Prenzlauer Berg,Pankow,Berlin,10405.0,DE,Germany,52.53752,13.42168,t,Apartment,Private room,2,1.0,1.0,1.0,0.0,36.0,1,3,51,04-28-13,09-27-18,96.0,10.0,10.0,10.0,10.0,10.0,10.0,f,f
1336,7949479.0,10-09-13,5301546.0,Jessica,"We had a good stay at Maciej's apartment. He was very friendly, welcoming and shared a lot of useful tips about Berlin. The location of the apartment is very central, and the apartment itself is clean and wonderful. ",1005341,https://www.airbnb.com/rooms/1005341,Nice room in Prenzlauer Berg-Berlin,5529386,https://www.airbnb.com/users/show/5529386,Maciej,03-19-13,within an hour,100%,t,Prenzlauer Berg,Pankow,Berlin,10405.0,DE,Germany,52.53752,13.42168,t,Apartment,Private room,2,1.0,1.0,1.0,0.0,36.0,1,3,51,04-28-13,09-27-18,96.0,10.0,10.0,10.0,10.0,10.0,10.0,f,f
1337,8055443.0,10-14-13,2359982.0,Stephanie,Maciej's flat is in a very central spot in Prenzlauer Berg. It was nice and clean. He is a very helpful guy and I would highly recommend staying with him.,1005341,https://www.airbnb.com/rooms/1005341,Nice room in Prenzlauer Berg-Berlin,5529386,https://www.airbnb.com/users/show/5529386,Maciej,03-19-13,within an hour,100%,t,Prenzlauer Berg,Pankow,Berlin,10405.0,DE,Germany,52.53752,13.42168,t,Apartment,Private room,2,1.0,1.0,1.0,0.0,36.0,1,3,51,04-28-13,09-27-18,96.0,10.0,10.0,10.0,10.0,10.0,10.0,f,f
1338,8144093.0,10-17-13,7059756.0,Lene,"It was absolutely great staying with Maciej. He is friendly, has good humor and we hung out as friends. It was very comfortable to stay at his place. I hope to host him, when he comes to my town. ",1005341,https://www.airbnb.com/rooms/1005341,Nice room in Prenzlauer Berg-Berlin,5529386,https://www.airbnb.com/users/show/5529386,Maciej,03-19-13,within an hour,100%,t,Prenzlauer Berg,Pankow,Berlin,10405.0,DE,Germany,52.53752,13.42168,t,Apartment,Private room,2,1.0,1.0,1.0,0.0,36.0,1,3,51,04-28-13,09-27-18,96.0,10.0,10.0,10.0,10.0,10.0,10.0,f,f
1339,8323089.0,10-25-13,8988163.0,Jazimina,"Maciej is a wonderful host and a lovely person! His apartment is beautiful and in a great location. He made me a delicious breakfast, and was so kind and helpful- I HIGHLY recommend!",1005341,https://www.airbnb.com/rooms/1005341,Nice room in Prenzlauer Berg-Berlin,5529386,https://www.airbnb.com/users/show/5529386,Maciej,03-19-13,within an hour,100%,t,Prenzlauer Berg,Pankow,Berlin,10405.0,DE,Germany,52.53752,13.42168,t,Apartment,Private room,2,1.0,1.0,1.0,0.0,36.0,1,3,51,04-28-13,09-27-18,96.0,10.0,10.0,10.0,10.0,10.0,10.0,f,f
1340,9029906.0,12-02-13,3733322.0,Vincenzo,"Maciej was magnificent, friendly and helpful host. We were two friends and we felt at home. His apartment is best choice for those who want to pay reasonable price for comfortable and good located place.
Grazie Maciej",1005341,https://www.airbnb.com/rooms/1005341,Nice room in Prenzlauer Berg-Berlin,5529386,https://www.airbnb.com/users/show/5529386,Maciej,03-19-13,within an hour,100%,t,Prenzlauer Berg,Pankow,Berlin,10405.0,DE,Germany,52.53752,13.42168,t,Apartment,Private room,2,1.0,1.0,1.0,0.0,36.0,1,3,51,04-28-13,09-27-18,96.0,10.0,10.0,10.0,10.0,10.0,10.0,f,f
1341,9494099.0,12-31-13,947345.0,Otto,"Maciej was our best host we ever had in our long life! Everything is PERFECT: clean, very good bed, good location etc.etc. We strongly recommend him. We were so lucky that he had time to spend with us. He is a very intelligent, communicative, positive, k",1005341,https://www.airbnb.com/rooms/1005341,Nice room in Prenzlauer Berg-Berlin,5529386,https://www.airbnb.com/users/show/5529386,Maciej,03-19-13,within an hour,100%,t,Prenzlauer Berg,Pankow,Berlin,10405.0,DE,Germany,52.53752,13.42168,t,Apartment,Private room,2,1.0,1.0,1.0,0.0,36.0,1,3,51,04-28-13,09-27-18,96.0,10.0,10.0,10.0,10.0,10.0,10.0,f,f
1342,9641471.0,01-04-14,8291270.0,Juliette,"Maciej is a great host, he was very helpful and gave us good recommandations about Berlin. The apartment is very well located, near the tramway and Alexanderplatz. The room was clean and confortable and he provided us towels and tea. I would definitely r",1005341,https://www.airbnb.com/rooms/1005341,Nice room in Prenzlauer Berg-Berlin,5529386,https://www.airbnb.com/users/show/5529386,Maciej,03-19-13,within an hour,100%,t,Prenzlauer Berg,Pankow,Berlin,10405.0,DE,Germany,52.53752,13.42168,t,Apartment,Private room,2,1.0,1.0,1.0,0.0,36.0,1,3,51,04-28-13,09-27-18,96.0,10.0,10.0,10.0,10.0,10.0,10.0,f,f
1343,10406192.0,02-17-14,12051859.0,Alain,J'ai apprÃ©ciÃ© la gentillesse et la disponibilitÃ© de Maciej . Son appartement a Ã©tÃ© un excellente base de dÃ©part pour visiter tout l'est et le centre de Berlin avec la station de tram M2 toute proche.,1005341,https://www.airbnb.com/rooms/1005341,Nice room in Prenzlauer Berg-Berlin,5529386,https://www.airbnb.com/users/show/5529386,Maciej,03-19-13,within an hour,100%,t,Prenzlauer Berg,Pankow,Berlin,10405.0,DE,Germany,52.53752,13.42168,t,Apartment,Private room,2,1.0,1.0,1.0,0.0,36.0,1,3,51,04-28-13,09-27-18,96.0,10.0,10.0,10.0,10.0,10.0,10.0,f,f
1344,10751399.0,03-05-14,2282054.0,Melissa,"We had a wonderful stay at Maciek's apartment. Spacious living room, smooth check-in and check-out, well located, very clean, comfortable bed, all the amenities you need (towels provided!) and the perfect host - Maciek was warm, welcoming, full of intere",1005341,https://www.airbnb.com/rooms/1005341,Nice room in Prenzlauer Berg-Berlin,5529386,https://www.airbnb.com/users/show/5529386,Maciej,03-19-13,within an hour,100%,t,Prenzlauer Berg,Pankow,Berlin,10405.0,DE,Germany,52.53752,13.42168,t,Apartment,Private room,2,1.0,1.0,1.0,0.0,36.0,1,3,51,04-28-13,09-27-18,96.0,10.0,10.0,10.0,10.0,10.0,10.0,f,f
1345,11025138.0,03-17-14,12757713.0,Catalina,"Maciej is a very kind and considerate person, willing to share his space, home and good spirits with guests from near and far who cross his doorstep. It was a pleasure to meet him and stay at his house, which was all very comfortable, clean and cozy! ",1005341,https://www.airbnb.com/rooms/1005341,Nice room in Prenzlauer Berg-Berlin,5529386,https://www.airbnb.com/users/show/5529386,Maciej,03-19-13,within an hour,100%,t,Prenzlauer Berg,Pankow,Berlin,10405.0,DE,Germany,52.53752,13.42168,t,Apartment,Private room,2,1.0,1.0,1.0,0.0,36.0,1,3,51,04-28-13,09-27-18,96.0,10.0,10.0,10.0,10.0,10.0,10.0,f,f
1346,11591558.0,04-08-14,4673328.0,Elsa,"Maciej was very helpful for giving information how to get around in Berlin. And his place is very well situated from Alexanderplatz with the tram.
We really much enjoyed staying at his place.",1005341,https://www.airbnb.com/rooms/1005341,Nice room in Prenzlauer Berg-Berlin,5529386,https://www.airbnb.com/users/show/5529386,Maciej,03-19-13,within an hour,100%,t,Prenzlauer Berg,Pankow,Berlin,10405.0,DE,Germany,52.53752,13.42168,t,Apartment,Private room,2,1.0,1.0,1.0,0.0,36.0,1,3,51,04-28-13,09-27-18,96.0,10.0,10.0,10.0,10.0,10.0,10.0,f,f
1347,12061668.0,04-22-14,6259661.0,Camille,We had a very great stay at Maciej home. His apartment is very nice and well placed to visit Berlin. We highly recommend it. Camille & Matt,1005341,https://www.airbnb.com/rooms/1005341,Nice room in Prenzlauer Berg-Berlin,5529386,https://www.airbnb.com/users/show/5529386,Maciej,03-19-13,within an hour,100%,t,Prenzlauer Berg,Pankow,Berlin,10405.0,DE,Germany,52.53752,13.42168,t,Apartment,Private room,2,1.0,1.0,1.0,0.0,36.0,1,3,51,04-28-13,09-27-18,96.0,10.0,10.0,10.0,10.0,10.0,10.0,f,f
1348,12745643.0,05-10-14,13160625.0,Sasha,"Very polite and sociable person, fun interlocutor.Maciej  helped us in everything, showed a lot of interest in Berline.Superb clean and comfortable room, luxury accommodation. Obligate when I go to Berlin stop him.
   Thank Maciej )
",1005341,https://www.airbnb.com/rooms/1005341,Nice room in Prenzlauer Berg-Berlin,5529386,https://www.airbnb.com/users/show/5529386,Maciej,03-19-13,within an hour,100%,t,Prenzlauer Berg,Pankow,Berlin,10405.0,DE,Germany,52.53752,13.42168,t,Apartment,Private room,2,1.0,1.0,1.0,0.0,36.0,1,3,51,04-28-13,09-27-18,96.0,10.0,10.0,10.0,10.0,10.0,10.0,f,f
1349,13403582.0,05-27-14,11077085.0,Mayra,"Maciej nos recibio muy bien... siempre muy predispuesto a ayudarnos. El departamento es muy bonito, tal comi se ve en las fotos. Se encuentra cerca del centro lo que hace que sea muy accesible a todas las atracciones principales de Berlin.
",1005341,https://www.airbnb.com/rooms/1005341,Nice room in Prenzlauer Berg-Berlin,5529386,https://www.airbnb.com/users/show/5529386,Maciej,03-19-13,within an hour,100%,t,Prenzlauer Berg,Pankow,Berlin,10405.0,DE,Germany,52.53752,13.42168,t,Apartment,Private room,2,1.0,1.0,1.0,0.0,36.0,1,3,51,04-28-13,09-27-18,96.0,10.0,10.0,10.0,10.0,10.0,10.0,f,f
1350,22976112.0,11-19-14,15749455.0,Noam,The reservation was canceled 41 days before arrival. This is an automated posting.,1005341,https://www.airbnb.com/rooms/1005341,Nice room in Prenzlauer Berg-Berlin,5529386,https://www.airbnb.com/users/show/5529386,Maciej,03-19-13,within an hour,100%,t,Prenzlauer Berg,Pankow,Berlin,10405.0,DE,Germany,52.53752,13.42168,t,Apartment,Private room,2,1.0,1.0,1.0,0.0,36.0,1,3,51,04-28-13,09-27-18,96.0,10.0,10.0,10.0,10.0,10.0,10.0,f,f
1351,24540176.0,12-30-14,23921545.0,Trong Q.,"He's very nice, giving clear description for everything!",1005341,https://www.airbnb.com/rooms/1005341,Nice room in Prenzlauer Berg-Berlin,5529386,https://www.airbnb.com/users/show/5529386,Maciej,03-19-13,within an hour,100%,t,Prenzlauer Berg,Pankow,Berlin,10405.0,DE,Germany,52.53752,13.42168,t,Apartment,Private room,2,1.0,1.0,1.0,0.0,36.0,1,3,51,04-28-13,09-27-18,96.0,10.0,10.0,10.0,10.0,10.0,10.0,f,f
